source,target
p0000,p0006
p0000,p0010
p0000,p0012
p0000,p0015
p0000,p0018
p0000,p0019
p0000,p0026
p0000,p0029
p0000,p0030
p0000,p0036
p0000,p0039
p0000,p0095
p0001,p0000
p0001,p0005
p0001,p0006
p0001,p0012
p0001,p0017
p0001,p0019
p0001,p0020
p0001,p0022
p0001,p0027
p0001,p0030
p0001,p0032
p0001,p0034
p0001,p0039
p0001,p0104
p0002,p0006
p0002,p0012
p0002,p0013
p0002,p0015
p0002,p0026
p0003,p0002
p0003,p0008
p0003,p0018
p0003,p0022
p0003,p0027
p0003,p0030
p0003,p0031
p0003,p0141
p0004,p0013
p0004,p0018
p0004,p0031
p0004,p0034
p0004,p0039
p0004,p0044
p0004,p0219
p0005,p0006
p0005,p0013
p0005,p0015
p0005,p0019
p0005,p0032
p0005,p0037
p0006,p0000
p0006,p0002
p0006,p0005
p0006,p0008
p0006,p0010
p0006,p0011
p0006,p0012
p0006,p0013
p0006,p0015
p0006,p0017
p0006,p0018
p0006,p0019
p0006,p0020
p0006,p0021
p0006,p0022
p0006,p0026
p0006,p0027
p0006,p0029
p0006,p0030
p0006,p0031
p0006,p0032
p0006,p0034
p0006,p0035
p0006,p0036
p0006,p0037
p0006,p0038
p0006,p0040
p0006,p0041
p0006,p0042
p0006,p0043
p0006,p0044
p0006,p0059
p0006,p0061
p0006,p0078
p0006,p0079
p0006,p0100
p0006,p0102
p0006,p0104
p0006,p0110
p0006,p0118
p0006,p0119
p0006,p0126
p0006,p0132
p0006,p0135
p0006,p0141
p0006,p0176
p0006,p0182
p0006,p0190
p0006,p0194
p0006,p0206
p0006,p0207
p0006,p0210
p0006,p0212
p0006,p0217
p0006,p0219
p0007,p0004
p0007,p0006
p0007,p0008
p0007,p0009
p0007,p0012
p0007,p0013
p0007,p0016
p0007,p0030
p0007,p0031
p0007,p0037
p0007,p0042
p0007,p0043
p0007,p0051
p0007,p0101
p0008,p0000
p0008,p0004
p0008,p0006
p0008,p0011
p0008,p0012
p0008,p0018
p0008,p0022
p0008,p0029
p0008,p0041
p0008,p0073
p0009,p0002
p0009,p0005
p0009,p0013
p0009,p0015
p0009,p0019
p0009,p0028
p0009,p0029
p0009,p0033
p0009,p0080
p0010,p0005
p0010,p0018
p0010,p0019
p0010,p0030
p0010,p0032
p0010,p0036
p0010,p0044
p0010,p0101
p0010,p0104
p0010,p0106
p0010,p0182
p0010,p0191
p0010,p0198
p0011,p0002
p0011,p0004
p0011,p0006
p0011,p0009
p0011,p0023
p0011,p0026
p0011,p0029
p0011,p0030
p0011,p0031
p0011,p0033
p0011,p0037
p0011,p0039
p0011,p0042
p0011,p0141
p0012,p0002
p0012,p0006
p0012,p0007
p0012,p0008
p0012,p0009
p0012,p0011
p0012,p0015
p0012,p0022
p0012,p0024
p0012,p0030
p0012,p0032
p0012,p0034
p0012,p0041
p0012,p0042
p0012,p0043
p0012,p0044
p0012,p0113
p0013,p0000
p0013,p0002
p0013,p0005
p0013,p0006
p0013,p0008
p0013,p0024
p0013,p0027
p0013,p0030
p0013,p0032
p0013,p0039
p0013,p0042
p0013,p0086
p0013,p0106
p0013,p0202
p0014,p0010
p0014,p0019
p0014,p0022
p0014,p0030
p0014,p0034
p0014,p0039
p0014,p0042
p0014,p0058
p0015,p0000
p0015,p0002
p0015,p0004
p0015,p0005
p0015,p0007
p0015,p0008
p0015,p0011
p0015,p0012
p0015,p0013
p0015,p0019
p0015,p0020
p0015,p0021
p0015,p0022
p0015,p0025
p0015,p0026
p0015,p0030
p0015,p0032
p0015,p0034
p0015,p0035
p0015,p0037
p0015,p0039
p0015,p0042
p0015,p0073
p0015,p0076
p0015,p0077
p0015,p0078
p0015,p0079
p0015,p0136
p0015,p0141
p0015,p0149
p0015,p0167
p0016,p0000
p0016,p0004
p0016,p0006
p0016,p0030
p0016,p0036
p0016,p0043
p0017,p0005
p0017,p0006
p0017,p0013
p0017,p0015
p0017,p0018
p0017,p0019
p0017,p0033
p0017,p0037
p0017,p0042
p0017,p0043
p0017,p0104
p0017,p0167
p0018,p0000
p0018,p0008
p0018,p0012
p0018,p0015
p0018,p0027
p0018,p0030
p0018,p0034
p0018,p0035
p0018,p0037
p0018,p0038
p0018,p0039
p0018,p0042
p0018,p0044
p0018,p0084
p0018,p0096
p0018,p0109
p0018,p0195
p0019,p0000
p0019,p0002
p0019,p0003
p0019,p0006
p0019,p0010
p0019,p0012
p0019,p0015
p0019,p0017
p0019,p0025
p0019,p0027
p0019,p0028
p0019,p0030
p0019,p0042
p0019,p0082
p0020,p0000
p0020,p0002
p0020,p0004
p0020,p0006
p0020,p0010
p0020,p0019
p0020,p0025
p0020,p0027
p0020,p0030
p0020,p0032
p0020,p0044
p0020,p0077
p0020,p0089
p0020,p0141
p0020,p0177
p0021,p0009
p0021,p0012
p0021,p0018
p0021,p0030
p0021,p0032
p0021,p0036
p0021,p0041
p0021,p0043
p0021,p0069
p0021,p0085
p0021,p0141
p0022,p0004
p0022,p0008
p0022,p0011
p0022,p0026
p0022,p0039
p0022,p0130
p0023,p0000
p0023,p0006
p0023,p0018
p0024,p0030
p0024,p0180
p0025,p0005
p0025,p0019
p0025,p0027
p0025,p0031
p0025,p0035
p0025,p0043
p0025,p0113
p0026,p0000
p0026,p0002
p0026,p0003
p0026,p0004
p0026,p0006
p0026,p0007
p0026,p0010
p0026,p0011
p0026,p0018
p0026,p0019
p0026,p0022
p0026,p0031
p0026,p0039
p0026,p0040
p0026,p0041
p0026,p0090
p0026,p0141
p0026,p0151
p0026,p0203
p0027,p0005
p0027,p0006
p0027,p0008
p0027,p0012
p0027,p0042
p0028,p0004
p0028,p0006
p0028,p0009
p0028,p0012
p0028,p0016
p0028,p0022
p0028,p0027
p0028,p0037
p0028,p0042
p0028,p0044
p0028,p0191
p0029,p0000
p0029,p0004
p0029,p0005
p0029,p0006
p0029,p0008
p0029,p0010
p0029,p0011
p0029,p0012
p0029,p0015
p0029,p0017
p0029,p0018
p0029,p0019
p0029,p0020
p0029,p0021
p0029,p0022
p0029,p0025
p0029,p0028
p0029,p0030
p0029,p0032
p0029,p0033
p0029,p0034
p0029,p0037
p0029,p0039
p0029,p0041
p0029,p0044
p0029,p0062
p0029,p0089
p0029,p0101
p0029,p0105
p0029,p0119
p0029,p0129
p0029,p0133
p0029,p0141
p0029,p0185
p0030,p0000
p0030,p0001
p0030,p0002
p0030,p0004
p0030,p0006
p0030,p0007
p0030,p0012
p0030,p0018
p0030,p0019
p0030,p0020
p0030,p0025
p0030,p0029
p0030,p0033
p0030,p0036
p0030,p0039
p0030,p0043
p0030,p0044
p0030,p0049
p0030,p0060
p0031,p0002
p0031,p0006
p0031,p0016
p0031,p0018
p0031,p0038
p0031,p0077
p0032,p0006
p0032,p0015
p0032,p0041
p0032,p0044
p0033,p0000
p0033,p0002
p0033,p0004
p0033,p0006
p0033,p0007
p0033,p0012
p0033,p0026
p0033,p0030
p0033,p0034
p0033,p0035
p0033,p0036
p0033,p0042
p0033,p0044
p0033,p0047
p0033,p0077
p0033,p0086
p0033,p0146
p0034,p0002
p0034,p0008
p0034,p0012
p0034,p0018
p0034,p0020
p0034,p0021
p0034,p0022
p0034,p0035
p0034,p0041
p0034,p0198
p0034,p0199
p0035,p0000
p0035,p0009
p0035,p0015
p0035,p0016
p0035,p0022
p0035,p0036
p0035,p0038
p0035,p0039
p0035,p0058
p0035,p0198
p0036,p0000
p0036,p0002
p0036,p0010
p0036,p0013
p0036,p0015
p0036,p0020
p0036,p0030
p0036,p0032
p0036,p0034
p0036,p0038
p0036,p0039
p0036,p0044
p0037,p0006
p0037,p0007
p0037,p0041
p0037,p0042
p0038,p0031
p0039,p0000
p0039,p0006
p0039,p0007
p0039,p0010
p0039,p0022
p0039,p0030
p0039,p0032
p0039,p0049
p0039,p0114
p0039,p0175
p0040,p0000
p0040,p0006
p0040,p0008
p0040,p0015
p0040,p0019
p0040,p0022
p0040,p0037
p0040,p0038
p0040,p0039
p0040,p0041
p0040,p0042
p0040,p0043
p0041,p0000
p0041,p0004
p0041,p0010
p0041,p0011
p0041,p0015
p0041,p0021
p0041,p0030
p0041,p0031
p0041,p0034
p0041,p0038
p0041,p0040
p0041,p0043
p0041,p0094
p0042,p0000
p0042,p0006
p0042,p0007
p0042,p0008
p0042,p0012
p0042,p0014
p0042,p0018
p0042,p0021
p0042,p0025
p0042,p0026
p0042,p0028
p0042,p0032
p0042,p0033
p0042,p0037
p0042,p0041
p0042,p0068
p0043,p0029
p0043,p0039
p0043,p0041
p0044,p0006
p0044,p0012
p0044,p0015
p0044,p0019
p0044,p0030
p0044,p0036
p0044,p0037
p0044,p0127
p0044,p0214
p0045,p0026
p0045,p0047
p0045,p0056
p0045,p0061
p0045,p0062
p0045,p0075
p0045,p0077
p0045,p0078
p0045,p0079
p0045,p0081
p0045,p0084
p0045,p0086
p0045,p0089
p0046,p0049
p0046,p0050
p0046,p0053
p0046,p0055
p0046,p0078
p0046,p0079
p0046,p0086
p0046,p0088
p0046,p0232
p0047,p0045
p0047,p0063
p0047,p0073
p0047,p0075
p0047,p0089
p0048,p0006
p0048,p0056
p0048,p0057
p0048,p0059
p0048,p0061
p0048,p0063
p0048,p0075
p0048,p0078
p0048,p0079
p0048,p0089
p0048,p0151
p0049,p0030
p0049,p0041
p0049,p0042
p0049,p0060
p0049,p0076
p0049,p0077
p0049,p0078
p0050,p0067
p0050,p0078
p0051,p0008
p0051,p0047
p0051,p0069
p0051,p0070
p0051,p0175
p0052,p0012
p0052,p0060
p0052,p0070
p0052,p0077
p0052,p0079
p0053,p0046
p0053,p0051
p0053,p0055
p0053,p0079
p0053,p0088
p0054,p0013
p0054,p0016
p0054,p0039
p0054,p0047
p0054,p0060
p0054,p0079
p0054,p0083
p0054,p0087
p0054,p0089
p0054,p0101
p0055,p0037
p0055,p0045
p0055,p0047
p0055,p0049
p0055,p0051
p0055,p0053
p0055,p0056
p0055,p0058
p0055,p0059
p0055,p0062
p0055,p0066
p0055,p0070
p0055,p0073
p0055,p0076
p0055,p0078
p0055,p0079
p0055,p0081
p0055,p0082
p0055,p0083
p0055,p0084
p0055,p0086
p0055,p0087
p0055,p0088
p0055,p0156
p0056,p0051
p0056,p0053
p0056,p0073
p0056,p0077
p0056,p0078
p0056,p0081
p0056,p0083
p0056,p0084
p0056,p0175
p0057,p0029
p0057,p0053
p0057,p0071
p0057,p0180
p0058,p0013
p0058,p0035
p0058,p0049
p0058,p0056
p0058,p0073
p0058,p0076
p0058,p0084
p0058,p0120
p0059,p0047
p0059,p0049
p0059,p0053
p0059,p0061
p0059,p0065
p0059,p0067
p0059,p0079
p0059,p0084
p0060,p0008
p0060,p0018
p0060,p0030
p0060,p0049
p0060,p0051
p0060,p0056
p0060,p0059
p0060,p0061
p0060,p0068
p0060,p0073
p0060,p0075
p0060,p0077
p0060,p0079
p0060,p0088
p0062,p0047
p0062,p0049
p0062,p0051
p0062,p0058
p0062,p0061
p0062,p0069
p0062,p0071
p0062,p0080
p0062,p0082
p0062,p0087
p0062,p0089
p0063,p0047
p0063,p0053
p0063,p0073
p0063,p0077
p0063,p0078
p0063,p0088
p0063,p0089
p0064,p0047
p0064,p0063
p0064,p0068
p0064,p0075
p0064,p0175
p0065,p0008
p0065,p0045
p0065,p0047
p0065,p0056
p0065,p0063
p0065,p0077
p0065,p0078
p0065,p0079
p0065,p0084
p0065,p0086
p0065,p0087
p0065,p0214
p0066,p0046
p0066,p0051
p0066,p0056
p0066,p0059
p0066,p0061
p0066,p0070
p0066,p0071
p0066,p0078
p0066,p0083
p0066,p0089
p0066,p0143
p0067,p0020
p0067,p0049
p0067,p0053
p0067,p0058
p0067,p0077
p0068,p0060
p0068,p0061
p0068,p0073
p0068,p0077
p0068,p0079
p0068,p0082
p0069,p0008
p0069,p0046
p0069,p0047
p0069,p0048
p0069,p0049
p0069,p0053
p0069,p0054
p0069,p0056
p0069,p0060
p0069,p0061
p0069,p0062
p0069,p0063
p0069,p0065
p0069,p0068
p0069,p0070
p0069,p0071
p0069,p0073
p0069,p0077
p0069,p0078
p0069,p0079
p0069,p0080
p0069,p0081
p0069,p0082
p0069,p0083
p0069,p0085
p0069,p0086
p0069,p0088
p0069,p0089
p0069,p0105
p0069,p0133
p0069,p0185
p0070,p0030
p0070,p0047
p0070,p0049
p0070,p0051
p0070,p0062
p0070,p0066
p0070,p0078
p0070,p0084
p0071,p0030
p0071,p0047
p0071,p0053
p0071,p0056
p0071,p0063
p0071,p0069
p0071,p0070
p0071,p0073
p0071,p0075
p0071,p0076
p0071,p0077
p0071,p0079
p0071,p0080
p0071,p0086
p0072,p0015
p0072,p0057
p0072,p0076
p0072,p0077
p0072,p0079
p0072,p0080
p0072,p0084
p0072,p0198
p0073,p0016
p0073,p0034
p0073,p0047
p0073,p0054
p0073,p0063
p0073,p0069
p0073,p0071
p0073,p0078
p0073,p0079
p0073,p0082
p0073,p0086
p0073,p0087
p0073,p0103
p0073,p0133
p0074,p0045
p0074,p0047
p0074,p0056
p0074,p0060
p0074,p0061
p0074,p0062
p0074,p0067
p0074,p0070
p0074,p0076
p0074,p0083
p0074,p0086
p0074,p0088
p0075,p0009
p0075,p0045
p0075,p0047
p0075,p0049
p0075,p0061
p0075,p0063
p0075,p0068
p0075,p0077
p0075,p0078
p0075,p0079
p0075,p0082
p0075,p0084
p0075,p0089
p0076,p0081
p0077,p0017
p0077,p0049
p0077,p0058
p0077,p0060
p0077,p0061
p0077,p0062
p0077,p0063
p0077,p0067
p0077,p0069
p0077,p0071
p0077,p0075
p0077,p0084
p0077,p0132
p0077,p0177
p0078,p0046
p0078,p0058
p0078,p0060
p0078,p0071
p0078,p0073
p0078,p0079
p0078,p0080
p0078,p0084
p0078,p0086
p0078,p0088
p0078,p0089
p0078,p0104
p0078,p0151
p0078,p0167
p0078,p0214
p0079,p0045
p0079,p0056
p0079,p0078
p0079,p0086
p0080,p0047
p0080,p0051
p0080,p0062
p0080,p0069
p0080,p0070
p0080,p0073
p0080,p0076
p0080,p0082
p0080,p0089
p0080,p0135
p0081,p0045
p0081,p0049
p0081,p0051
p0081,p0069
p0081,p0076
p0081,p0089
p0082,p0010
p0082,p0048
p0082,p0049
p0082,p0051
p0082,p0053
p0082,p0059
p0082,p0061
p0082,p0063
p0082,p0067
p0082,p0068
p0082,p0069
p0082,p0076
p0082,p0077
p0082,p0078
p0082,p0079
p0082,p0089
p0083,p0054
p0083,p0084
p0083,p0086
p0084,p0018
p0084,p0030
p0084,p0037
p0084,p0047
p0084,p0051
p0084,p0053
p0084,p0058
p0084,p0060
p0084,p0063
p0084,p0068
p0084,p0073
p0084,p0075
p0084,p0077
p0084,p0083
p0084,p0088
p0084,p0091
p0084,p0170
p0085,p0046
p0085,p0057
p0085,p0059
p0085,p0060
p0085,p0061
p0085,p0063
p0085,p0070
p0085,p0073
p0085,p0079
p0086,p0006
p0086,p0010
p0086,p0045
p0086,p0058
p0086,p0067
p0086,p0071
p0086,p0077
p0086,p0078
p0086,p0083
p0086,p0087
p0086,p0088
p0086,p0185
p0087,p0049
p0087,p0056
p0087,p0059
p0087,p0063
p0087,p0065
p0087,p0068
p0087,p0071
p0087,p0073
p0087,p0075
p0087,p0077
p0087,p0079
p0087,p0080
p0087,p0084
p0087,p0086
p0087,p0088
p0087,p0089
p0087,p0104
p0087,p0175
p0088,p0000
p0088,p0007
p0088,p0010
p0088,p0013
p0088,p0031
p0088,p0034
p0088,p0039
p0088,p0044
p0088,p0045
p0088,p0046
p0088,p0047
p0088,p0049
p0088,p0052
p0088,p0053
p0088,p0054
p0088,p0055
p0088,p0056
p0088,p0057
p0088,p0059
p0088,p0060
p0088,p0061
p0088,p0062
p0088,p0063
p0088,p0065
p0088,p0068
p0088,p0069
p0088,p0070
p0088,p0074
p0088,p0075
p0088,p0076
p0088,p0077
p0088,p0078
p0088,p0079
p0088,p0080
p0088,p0082
p0088,p0083
p0088,p0084
p0088,p0086
p0088,p0089
p0088,p0091
p0088,p0106
p0088,p0127
p0088,p0130
p0088,p0133
p0088,p0151
p0088,p0158
p0088,p0172
p0088,p0198
p0088,p0219
p0088,p0235
p0089,p0035
p0089,p0045
p0089,p0047
p0089,p0049
p0089,p0063
p0089,p0067
p0089,p0069
p0089,p0078
p0089,p0086
p0089,p0087
p0089,p0118
p0090,p0096
p0090,p0172
p0091,p0092
p0091,p0093
p0091,p0096
p0091,p0101
p0091,p0104
p0091,p0105
p0091,p0106
p0091,p0107
p0091,p0123
p0091,p0129
p0091,p0133
p0091,p0195
p0091,p0227
p0092,p0091
p0092,p0101
p0092,p0103
p0093,p0002
p0093,p0006
p0093,p0010
p0093,p0013
p0093,p0015
p0093,p0030
p0093,p0037
p0093,p0042
p0093,p0056
p0093,p0060
p0093,p0062
p0093,p0071
p0093,p0072
p0093,p0083
p0093,p0088
p0093,p0090
p0093,p0091
p0093,p0094
p0093,p0095
p0093,p0096
p0093,p0097
p0093,p0098
p0093,p0101
p0093,p0103
p0093,p0104
p0093,p0106
p0093,p0109
p0093,p0110
p0093,p0111
p0093,p0113
p0093,p0114
p0093,p0117
p0093,p0119
p0093,p0120
p0093,p0121
p0093,p0123
p0093,p0124
p0093,p0125
p0093,p0127
p0093,p0129
p0093,p0131
p0093,p0139
p0093,p0143
p0093,p0144
p0093,p0154
p0093,p0156
p0093,p0166
p0093,p0170
p0093,p0174
p0093,p0176
p0093,p0177
p0093,p0190
p0093,p0191
p0093,p0207
p0093,p0215
p0093,p0221
p0094,p0057
p0094,p0091
p0094,p0092
p0094,p0093
p0094,p0101
p0094,p0103
p0094,p0104
p0094,p0105
p0094,p0109
p0094,p0110
p0094,p0111
p0094,p0118
p0094,p0129
p0094,p0189
p0095,p0101
p0095,p0103
p0095,p0109
p0095,p0119
p0095,p0127
p0096,p0001
p0096,p0005
p0096,p0006
p0096,p0008
p0096,p0027
p0096,p0030
p0096,p0032
p0096,p0034
p0096,p0039
p0096,p0058
p0096,p0065
p0096,p0076
p0096,p0077
p0096,p0082
p0096,p0087
p0096,p0090
p0096,p0091
p0096,p0092
p0096,p0093
p0096,p0095
p0096,p0101
p0096,p0103
p0096,p0104
p0096,p0105
p0096,p0106
p0096,p0107
p0096,p0109
p0096,p0110
p0096,p0111
p0096,p0113
p0096,p0116
p0096,p0117
p0096,p0118
p0096,p0119
p0096,p0120
p0096,p0122
p0096,p0124
p0096,p0126
p0096,p0127
p0096,p0129
p0096,p0131
p0096,p0143
p0096,p0145
p0096,p0155
p0096,p0159
p0096,p0163
p0096,p0185
p0096,p0188
p0096,p0196
p0096,p0199
p0096,p0204
p0096,p0206
p0096,p0210
p0096,p0219
p0096,p0239
p0097,p0093
p0097,p0096
p0097,p0104
p0097,p0106
p0097,p0110
p0097,p0129
p0098,p0031
p0098,p0067
p0098,p0091
p0098,p0092
p0098,p0093
p0098,p0094
p0098,p0097
p0098,p0100
p0098,p0101
p0098,p0105
p0098,p0110
p0098,p0117
p0098,p0119
p0098,p0122
p0098,p0126
p0098,p0141
p0100,p0020
p0100,p0041
p0100,p0091
p0100,p0092
p0100,p0095
p0100,p0098
p0100,p0101
p0100,p0104
p0100,p0105
p0100,p0109
p0100,p0111
p0100,p0115
p0100,p0117
p0100,p0120
p0100,p0124
p0100,p0126
p0100,p0129
p0101,p0010
p0101,p0084
p0101,p0091
p0101,p0092
p0101,p0095
p0101,p0096
p0101,p0098
p0101,p0103
p0101,p0104
p0101,p0105
p0101,p0106
p0101,p0109
p0101,p0125
p0101,p0130
p0101,p0141
p0102,p0022
p0102,p0090
p0102,p0101
p0102,p0104
p0102,p0129
p0102,p0171
p0103,p0027
p0103,p0034
p0103,p0063
p0103,p0079
p0103,p0091
p0103,p0096
p0103,p0104
p0103,p0109
p0103,p0112
p0103,p0119
p0103,p0123
p0103,p0125
p0103,p0126
p0103,p0211
p0104,p0015
p0104,p0016
p0104,p0019
p0104,p0039
p0104,p0061
p0104,p0092
p0104,p0093
p0104,p0100
p0104,p0105
p0104,p0107
p0104,p0109
p0104,p0114
p0104,p0120
p0104,p0122
p0104,p0124
p0104,p0154
p0105,p0013
p0105,p0091
p0105,p0092
p0105,p0101
p0105,p0104
p0105,p0107
p0105,p0108
p0105,p0116
p0105,p0119
p0105,p0124
p0105,p0138
p0106,p0091
p0106,p0096
p0106,p0109
p0106,p0113
p0106,p0117
p0106,p0120
p0106,p0123
p0106,p0129
p0107,p0056
p0107,p0090
p0107,p0096
p0107,p0100
p0107,p0109
p0107,p0123
p0108,p0006
p0108,p0084
p0108,p0090
p0108,p0093
p0108,p0099
p0108,p0100
p0108,p0103
p0108,p0105
p0108,p0106
p0108,p0109
p0108,p0110
p0108,p0129
p0109,p0090
p0109,p0092
p0109,p0094
p0109,p0096
p0109,p0101
p0109,p0104
p0109,p0106
p0109,p0107
p0109,p0114
p0109,p0118
p0109,p0123
p0109,p0125
p0110,p0090
p0110,p0091
p0110,p0092
p0110,p0093
p0110,p0098
p0110,p0101
p0110,p0104
p0110,p0106
p0110,p0109
p0110,p0111
p0110,p0118
p0110,p0123
p0110,p0129
p0110,p0200
p0111,p0030
p0111,p0094
p0111,p0109
p0111,p0129
p0112,p0086
p0112,p0090
p0112,p0093
p0112,p0094
p0112,p0095
p0112,p0098
p0112,p0099
p0112,p0103
p0112,p0104
p0112,p0105
p0112,p0109
p0112,p0125
p0112,p0129
p0113,p0004
p0113,p0016
p0113,p0021
p0113,p0090
p0113,p0091
p0113,p0096
p0113,p0097
p0113,p0101
p0113,p0106
p0113,p0107
p0113,p0123
p0113,p0124
p0114,p0012
p0114,p0030
p0114,p0054
p0114,p0090
p0114,p0094
p0114,p0096
p0114,p0098
p0114,p0104
p0114,p0109
p0114,p0116
p0114,p0118
p0114,p0119
p0114,p0126
p0114,p0129
p0114,p0195
p0116,p0024
p0116,p0090
p0116,p0093
p0116,p0094
p0116,p0095
p0116,p0096
p0116,p0104
p0116,p0106
p0116,p0109
p0116,p0110
p0116,p0114
p0116,p0118
p0116,p0123
p0116,p0127
p0117,p0006
p0117,p0007
p0117,p0012
p0117,p0056
p0117,p0077
p0117,p0078
p0117,p0091
p0117,p0092
p0117,p0093
p0117,p0095
p0117,p0096
p0117,p0097
p0117,p0101
p0117,p0104
p0117,p0105
p0117,p0106
p0117,p0107
p0117,p0109
p0117,p0110
p0117,p0111
p0117,p0113
p0117,p0115
p0117,p0116
p0117,p0118
p0117,p0120
p0117,p0123
p0117,p0124
p0117,p0125
p0117,p0127
p0117,p0129
p0117,p0154
p0118,p0089
p0118,p0099
p0118,p0101
p0118,p0104
p0118,p0106
p0118,p0107
p0118,p0109
p0118,p0112
p0118,p0116
p0118,p0117
p0118,p0122
p0118,p0124
p0118,p0125
p0119,p0029
p0119,p0038
p0119,p0062
p0119,p0077
p0119,p0079
p0119,p0090
p0119,p0092
p0119,p0093
p0119,p0094
p0119,p0095
p0119,p0096
p0119,p0098
p0119,p0104
p0119,p0109
p0119,p0113
p0119,p0116
p0119,p0122
p0119,p0123
p0119,p0124
p0119,p0126
p0119,p0127
p0119,p0219
p0120,p0079
p0120,p0090
p0120,p0099
p0120,p0109
p0120,p0123
p0120,p0124
p0120,p0129
p0121,p0067
p0121,p0093
p0121,p0095
p0121,p0104
p0121,p0105
p0121,p0109
p0121,p0111
p0121,p0114
p0122,p0113
p0122,p0117
p0122,p0125
p0122,p0127
p0123,p0032
p0123,p0047
p0123,p0091
p0123,p0094
p0123,p0096
p0123,p0100
p0123,p0103
p0123,p0104
p0123,p0106
p0123,p0118
p0123,p0120
p0123,p0122
p0123,p0147
p0124,p0041
p0124,p0092
p0124,p0093
p0124,p0109
p0124,p0115
p0124,p0125
p0125,p0013
p0125,p0092
p0125,p0096
p0125,p0101
p0125,p0105
p0125,p0106
p0125,p0109
p0125,p0117
p0125,p0118
p0125,p0119
p0125,p0120
p0125,p0123
p0126,p0090
p0126,p0103
p0126,p0120
p0126,p0124
p0126,p0129
p0127,p0018
p0127,p0031
p0127,p0034
p0127,p0039
p0127,p0044
p0127,p0083
p0127,p0090
p0127,p0091
p0127,p0093
p0127,p0094
p0127,p0095
p0127,p0098
p0127,p0099
p0127,p0101
p0127,p0103
p0127,p0104
p0127,p0105
p0127,p0107
p0127,p0109
p0127,p0115
p0127,p0118
p0127,p0119
p0127,p0122
p0127,p0123
p0127,p0125
p0127,p0129
p0127,p0185
p0128,p0090
p0128,p0096
p0128,p0123
p0128,p0126
p0129,p0015
p0129,p0091
p0129,p0098
p0129,p0100
p0129,p0109
p0129,p0116
p0129,p0126
p0130,p0052
p0130,p0079
p0130,p0103
p0130,p0131
p0130,p0132
p0130,p0141
p0130,p0143
p0130,p0147
p0130,p0150
p0130,p0151
p0130,p0152
p0130,p0154
p0130,p0156
p0130,p0158
p0130,p0170
p0131,p0101
p0131,p0130
p0131,p0136
p0131,p0138
p0131,p0143
p0131,p0147
p0131,p0167
p0131,p0169
p0132,p0134
p0132,p0136
p0132,p0141
p0133,p0032
p0133,p0057
p0133,p0063
p0133,p0069
p0133,p0073
p0133,p0076
p0133,p0079
p0133,p0099
p0133,p0109
p0133,p0130
p0133,p0134
p0133,p0136
p0133,p0138
p0133,p0141
p0133,p0143
p0133,p0148
p0133,p0151
p0133,p0152
p0133,p0153
p0133,p0154
p0133,p0155
p0133,p0156
p0133,p0164
p0133,p0167
p0133,p0168
p0133,p0169
p0133,p0170
p0133,p0173
p0134,p0098
p0134,p0114
p0134,p0133
p0134,p0135
p0134,p0136
p0134,p0138
p0134,p0140
p0134,p0141
p0134,p0147
p0134,p0152
p0134,p0153
p0134,p0156
p0134,p0158
p0135,p0022
p0135,p0120
p0135,p0134
p0135,p0151
p0135,p0152
p0135,p0156
p0135,p0158
p0135,p0160
p0135,p0170
p0135,p0171
p0135,p0172
p0136,p0141
p0136,p0146
p0136,p0154
p0136,p0165
p0136,p0171
p0137,p0054
p0137,p0130
p0137,p0141
p0137,p0153
p0137,p0169
p0137,p0172
p0137,p0173
p0138,p0006
p0138,p0130
p0138,p0131
p0138,p0135
p0138,p0141
p0138,p0142
p0138,p0151
p0138,p0160
p0138,p0170
p0139,p0032
p0139,p0133
p0139,p0136
p0139,p0138
p0139,p0146
p0139,p0147
p0139,p0149
p0139,p0164
p0140,p0006
p0140,p0105
p0140,p0134
p0140,p0136
p0140,p0138
p0140,p0141
p0140,p0143
p0140,p0151
p0140,p0170
p0141,p0011
p0141,p0098
p0141,p0134
p0141,p0138
p0141,p0143
p0141,p0147
p0141,p0149
p0141,p0154
p0141,p0167
p0141,p0169
p0141,p0199
p0142,p0029
p0142,p0030
p0142,p0056
p0142,p0084
p0142,p0130
p0142,p0135
p0142,p0136
p0142,p0138
p0142,p0141
p0142,p0153
p0142,p0155
p0142,p0170
p0142,p0171
p0142,p0173
p0143,p0000
p0143,p0063
p0143,p0090
p0143,p0122
p0143,p0130
p0143,p0132
p0143,p0133
p0143,p0134
p0143,p0135
p0143,p0138
p0143,p0141
p0143,p0149
p0143,p0151
p0143,p0154
p0143,p0156
p0143,p0157
p0143,p0159
p0143,p0164
p0143,p0169
p0143,p0170
p0143,p0172
p0143,p0173
p0144,p0006
p0144,p0043
p0144,p0089
p0144,p0104
p0144,p0133
p0144,p0135
p0144,p0141
p0144,p0145
p0144,p0146
p0144,p0151
p0144,p0156
p0144,p0159
p0144,p0172
p0145,p0037
p0145,p0079
p0145,p0130
p0145,p0133
p0145,p0134
p0145,p0135
p0145,p0136
p0145,p0141
p0145,p0160
p0145,p0162
p0145,p0164
p0145,p0169
p0145,p0184
p0146,p0004
p0146,p0140
p0146,p0145
p0146,p0157
p0146,p0165
p0146,p0167
p0147,p0151
p0148,p0010
p0148,p0051
p0148,p0135
p0148,p0141
p0148,p0142
p0149,p0135
p0149,p0141
p0149,p0143
p0149,p0146
p0149,p0147
p0149,p0154
p0149,p0158
p0149,p0164
p0149,p0171
p0150,p0104
p0150,p0130
p0150,p0133
p0150,p0134
p0150,p0135
p0150,p0140
p0150,p0141
p0150,p0148
p0150,p0154
p0150,p0159
p0150,p0164
p0150,p0165
p0150,p0207
p0151,p0024
p0151,p0051
p0151,p0073
p0151,p0078
p0151,p0085
p0151,p0130
p0151,p0133
p0151,p0134
p0151,p0135
p0151,p0136
p0151,p0140
p0151,p0141
p0151,p0142
p0151,p0143
p0151,p0145
p0151,p0146
p0151,p0147
p0151,p0148
p0151,p0153
p0151,p0154
p0151,p0164
p0152,p0082
p0152,p0143
p0152,p0153
p0152,p0154
p0152,p0155
p0152,p0173
p0153,p0049
p0153,p0130
p0153,p0132
p0153,p0134
p0153,p0138
p0153,p0141
p0153,p0142
p0153,p0146
p0153,p0151
p0153,p0158
p0153,p0164
p0153,p0173
p0154,p0130
p0156,p0004
p0156,p0005
p0156,p0136
p0156,p0141
p0156,p0145
p0156,p0146
p0156,p0147
p0156,p0153
p0156,p0172
p0156,p0195
p0157,p0006
p0157,p0054
p0157,p0122
p0157,p0130
p0157,p0135
p0157,p0141
p0157,p0143
p0157,p0151
p0157,p0156
p0157,p0167
p0158,p0002
p0158,p0138
p0158,p0141
p0158,p0151
p0158,p0155
p0158,p0167
p0158,p0210
p0159,p0083
p0159,p0119
p0159,p0149
p0160,p0133
p0160,p0134
p0160,p0135
p0160,p0136
p0160,p0138
p0160,p0141
p0160,p0143
p0160,p0145
p0160,p0151
p0160,p0153
p0160,p0156
p0160,p0167
p0160,p0170
p0162,p0042
p0162,p0130
p0162,p0135
p0162,p0136
p0162,p0141
p0162,p0144
p0162,p0145
p0162,p0154
p0163,p0141
p0163,p0145
p0163,p0148
p0163,p0151
p0163,p0156
p0163,p0169
p0165,p0130
p0165,p0133
p0165,p0134
p0165,p0141
p0165,p0156
p0165,p0168
p0165,p0169
p0166,p0079
p0166,p0103
p0166,p0135
p0166,p0140
p0166,p0141
p0166,p0142
p0166,p0146
p0166,p0147
p0166,p0151
p0166,p0153
p0166,p0154
p0166,p0156
p0166,p0158
p0166,p0159
p0166,p0161
p0166,p0167
p0167,p0017
p0167,p0093
p0167,p0119
p0167,p0130
p0167,p0134
p0167,p0136
p0167,p0138
p0167,p0141
p0167,p0142
p0167,p0153
p0167,p0156
p0167,p0158
p0167,p0170
p0167,p0171
p0167,p0173
p0168,p0191
p0169,p0143
p0170,p0130
p0170,p0133
p0170,p0141
p0170,p0142
p0170,p0155
p0171,p0005
p0171,p0015
p0171,p0132
p0171,p0151
p0171,p0154
p0171,p0162
p0171,p0170
p0172,p0000
p0172,p0012
p0172,p0015
p0172,p0022
p0172,p0024
p0172,p0032
p0172,p0039
p0172,p0042
p0172,p0045
p0172,p0047
p0172,p0056
p0172,p0057
p0172,p0059
p0172,p0068
p0172,p0070
p0172,p0077
p0172,p0078
p0172,p0086
p0172,p0087
p0172,p0090
p0172,p0096
p0172,p0101
p0172,p0123
p0172,p0128
p0172,p0129
p0172,p0130
p0172,p0131
p0172,p0132
p0172,p0133
p0172,p0134
p0172,p0135
p0172,p0136
p0172,p0138
p0172,p0141
p0172,p0142
p0172,p0145
p0172,p0146
p0172,p0147
p0172,p0148
p0172,p0151
p0172,p0152
p0172,p0153
p0172,p0154
p0172,p0155
p0172,p0156
p0172,p0158
p0172,p0159
p0172,p0160
p0172,p0161
p0172,p0162
p0172,p0164
p0172,p0167
p0172,p0169
p0172,p0171
p0172,p0173
p0172,p0192
p0172,p0211
p0172,p0214
p0172,p0215
p0172,p0219
p0172,p0231
p0173,p0030
p0173,p0097
p0173,p0133
p0173,p0141
p0174,p0140
p0174,p0158
p0175,p0047
p0175,p0051
p0175,p0181
p0175,p0186
p0175,p0190
p0175,p0201
p0175,p0204
p0175,p0207
p0175,p0219
p0176,p0054
p0176,p0126
p0176,p0178
p0176,p0182
p0176,p0184
p0176,p0185
p0176,p0189
p0176,p0193
p0176,p0195
p0176,p0198
p0176,p0199
p0176,p0201
p0176,p0203
p0176,p0204
p0176,p0214
p0176,p0219
p0177,p0125
p0177,p0175
p0177,p0201
p0178,p0070
p0178,p0175
p0178,p0182
p0178,p0185
p0178,p0191
p0178,p0203
p0178,p0210
p0178,p0211
p0178,p0214
p0179,p0010
p0179,p0045
p0179,p0175
p0179,p0177
p0179,p0186
p0179,p0198
p0179,p0206
p0179,p0214
p0179,p0217
p0180,p0175
p0180,p0176
p0180,p0177
p0180,p0178
p0180,p0185
p0180,p0192
p0180,p0210
p0180,p0211
p0180,p0215
p0180,p0219
p0181,p0076
p0181,p0175
p0181,p0185
p0181,p0191
p0181,p0199
p0181,p0214
p0181,p0217
p0182,p0000
p0182,p0010
p0182,p0071
p0182,p0082
p0182,p0090
p0182,p0175
p0182,p0176
p0182,p0177
p0182,p0178
p0182,p0179
p0182,p0180
p0182,p0185
p0182,p0192
p0182,p0193
p0182,p0197
p0182,p0198
p0182,p0199
p0182,p0201
p0182,p0206
p0182,p0209
p0182,p0210
p0182,p0211
p0182,p0214
p0182,p0219
p0183,p0175
p0183,p0190
p0183,p0198
p0183,p0209
p0183,p0217
p0183,p0219
p0184,p0022
p0184,p0083
p0184,p0092
p0184,p0145
p0184,p0175
p0184,p0176
p0184,p0181
p0184,p0185
p0184,p0199
p0184,p0207
p0184,p0211
p0184,p0213
p0184,p0219
p0184,p0227
p0185,p0175
p0185,p0176
p0185,p0177
p0185,p0182
p0185,p0184
p0185,p0195
p0185,p0197
p0185,p0202
p0185,p0209
p0185,p0219
p0186,p0175
p0186,p0207
p0187,p0130
p0187,p0185
p0187,p0199
p0188,p0170
p0188,p0176
p0188,p0185
p0188,p0193
p0188,p0210
p0189,p0019
p0189,p0027
p0189,p0094
p0189,p0135
p0189,p0177
p0189,p0179
p0189,p0180
p0189,p0185
p0189,p0194
p0189,p0199
p0189,p0207
p0189,p0218
p0189,p0219
p0190,p0000
p0190,p0010
p0190,p0018
p0190,p0024
p0190,p0025
p0190,p0036
p0190,p0042
p0190,p0045
p0190,p0048
p0190,p0057
p0190,p0061
p0190,p0064
p0190,p0070
p0190,p0079
p0190,p0082
p0190,p0093
p0190,p0095
p0190,p0103
p0190,p0105
p0190,p0107
p0190,p0109
p0190,p0111
p0190,p0113
p0190,p0116
p0190,p0129
p0190,p0130
p0190,p0136
p0190,p0137
p0190,p0141
p0190,p0142
p0190,p0154
p0190,p0158
p0190,p0159
p0190,p0169
p0190,p0173
p0190,p0175
p0190,p0176
p0190,p0177
p0190,p0178
p0190,p0179
p0190,p0180
p0190,p0181
p0190,p0182
p0190,p0185
p0190,p0186
p0190,p0189
p0190,p0192
p0190,p0193
p0190,p0194
p0190,p0195
p0190,p0197
p0190,p0198
p0190,p0199
p0190,p0201
p0190,p0202
p0190,p0203
p0190,p0206
p0190,p0207
p0190,p0209
p0190,p0210
p0190,p0211
p0190,p0213
p0190,p0214
p0190,p0215
p0190,p0217
p0190,p0218
p0190,p0219
p0191,p0010
p0191,p0041
p0191,p0168
p0191,p0175
p0191,p0176
p0191,p0177
p0191,p0182
p0191,p0183
p0191,p0184
p0191,p0195
p0191,p0203
p0191,p0206
p0191,p0210
p0191,p0211
p0191,p0214
p0191,p0215
p0191,p0217
p0191,p0219
p0192,p0000
p0192,p0177
p0192,p0180
p0192,p0185
p0192,p0194
p0192,p0195
p0192,p0198
p0192,p0199
p0192,p0201
p0192,p0202
p0192,p0205
p0193,p0162
p0193,p0172
p0193,p0175
p0193,p0176
p0193,p0185
p0193,p0190
p0193,p0192
p0193,p0195
p0193,p0198
p0193,p0199
p0193,p0201
p0193,p0202
p0193,p0207
p0195,p0091
p0195,p0156
p0195,p0175
p0195,p0176
p0195,p0182
p0195,p0185
p0195,p0187
p0195,p0190
p0195,p0198
p0195,p0202
p0195,p0203
p0195,p0208
p0195,p0210
p0195,p0211
p0195,p0212
p0195,p0214
p0195,p0217
p0196,p0078
p0196,p0175
p0196,p0180
p0196,p0201
p0196,p0207
p0196,p0211
p0196,p0217
p0196,p0219
p0197,p0185
p0197,p0201
p0197,p0205
p0197,p0210
p0197,p0212
p0198,p0006
p0198,p0123
p0198,p0180
p0198,p0185
p0198,p0199
p0198,p0201
p0198,p0207
p0198,p0210
p0198,p0211
p0198,p0214
p0198,p0217
p0198,p0219
p0199,p0141
p0200,p0005
p0200,p0045
p0200,p0110
p0200,p0125
p0200,p0172
p0200,p0175
p0200,p0176
p0200,p0182
p0200,p0192
p0200,p0193
p0200,p0197
p0200,p0198
p0200,p0199
p0200,p0201
p0200,p0202
p0200,p0203
p0200,p0207
p0200,p0210
p0200,p0213
p0200,p0217
p0201,p0127
p0201,p0175
p0201,p0177
p0201,p0180
p0201,p0185
p0201,p0190
p0201,p0195
p0201,p0198
p0201,p0199
p0201,p0206
p0201,p0210
p0201,p0214
p0202,p0034
p0202,p0085
p0202,p0175
p0202,p0177
p0202,p0178
p0202,p0180
p0202,p0182
p0202,p0185
p0202,p0186
p0202,p0187
p0202,p0189
p0202,p0190
p0202,p0193
p0202,p0198
p0202,p0201
p0202,p0206
p0202,p0209
p0202,p0210
p0202,p0213
p0202,p0219
p0203,p0005
p0203,p0026
p0203,p0176
p0203,p0177
p0203,p0178
p0203,p0185
p0203,p0191
p0203,p0193
p0203,p0195
p0203,p0199
p0203,p0214
p0203,p0219
p0204,p0045
p0204,p0175
p0204,p0219
p0205,p0175
p0205,p0176
p0205,p0182
p0205,p0199
p0205,p0206
p0205,p0209
p0206,p0000
p0206,p0175
p0206,p0178
p0206,p0180
p0206,p0185
p0206,p0190
p0206,p0199
p0206,p0204
p0206,p0208
p0206,p0209
p0206,p0211
p0206,p0213
p0206,p0215
p0206,p0219
p0207,p0158
p0207,p0175
p0207,p0186
p0207,p0191
p0207,p0194
p0207,p0198
p0207,p0201
p0207,p0206
p0207,p0211
p0208,p0059
p0208,p0088
p0208,p0175
p0208,p0177
p0208,p0180
p0208,p0184
p0208,p0185
p0208,p0186
p0208,p0187
p0208,p0189
p0208,p0192
p0208,p0193
p0208,p0195
p0208,p0199
p0208,p0201
p0208,p0202
p0208,p0204
p0208,p0206
p0208,p0209
p0208,p0210
p0208,p0214
p0208,p0219
p0209,p0025
p0209,p0079
p0209,p0148
p0209,p0175
p0209,p0184
p0209,p0185
p0209,p0204
p0209,p0211
p0209,p0219
p0210,p0006
p0210,p0122
p0210,p0175
p0210,p0177
p0210,p0206
p0210,p0214
p0212,p0153
p0212,p0175
p0212,p0210
p0213,p0185
p0213,p0202
p0213,p0214
p0214,p0036
p0214,p0091
p0214,p0176
p0214,p0178
p0214,p0185
p0214,p0190
p0214,p0195
p0214,p0203
p0214,p0206
p0214,p0210
p0214,p0212
p0215,p0005
p0215,p0015
p0215,p0091
p0215,p0140
p0215,p0176
p0215,p0178
p0215,p0180
p0215,p0185
p0215,p0186
p0215,p0189
p0215,p0190
p0215,p0198
p0215,p0199
p0215,p0202
p0215,p0206
p0215,p0207
p0215,p0210
p0215,p0211
p0215,p0213
p0215,p0216
p0215,p0218
p0215,p0219
p0216,p0076
p0216,p0175
p0216,p0176
p0216,p0185
p0216,p0199
p0216,p0206
p0216,p0210
p0216,p0215
p0217,p0084
p0217,p0175
p0217,p0177
p0217,p0180
p0217,p0185
p0217,p0192
p0217,p0193
p0217,p0198
p0217,p0199
p0217,p0202
p0217,p0203
p0217,p0207
p0217,p0209
p0217,p0215
p0217,p0219
p0218,p0076
p0218,p0130
p0218,p0185
p0218,p0189
p0218,p0190
p0218,p0204
p0218,p0206
p0218,p0207
p0218,p0211
p0218,p0214
p0219,p0004
p0219,p0180
p0219,p0185
p0219,p0199
p0219,p0201
p0219,p0215
p0220,p0141
p0220,p0224
p0220,p0232
p0221,p0141
p0221,p0224
p0221,p0228
p0221,p0232
p0221,p0237
p0222,p0141
p0222,p0240
p0223,p0141
p0223,p0225
p0223,p0227
p0223,p0236
p0224,p0141
p0224,p0223
p0224,p0227
p0224,p0228
p0224,p0232
p0224,p0234
p0224,p0238
p0225,p0141
p0225,p0220
p0225,p0222
p0226,p0141
p0226,p0227
p0226,p0229
p0226,p0230
p0227,p0141
p0227,p0230
p0227,p0233
p0228,p0141
p0228,p0227
p0229,p0141
p0229,p0226
p0229,p0228
p0229,p0238
p0230,p0141
p0231,p0141
p0231,p0227
p0231,p0229
p0232,p0141
p0232,p0220
p0232,p0225
p0232,p0227
p0233,p0141
p0233,p0232
p0234,p0141
p0234,p0223
p0234,p0224
p0234,p0226
p0234,p0227
p0235,p0141
p0235,p0241
p0236,p0141
p0236,p0223
p0236,p0226
p0236,p0227
p0236,p0230
p0236,p0234
p0236,p0240
p0237,p0141
p0237,p0223
p0237,p0241
p0238,p0141
p0238,p0223
p0238,p0224
p0239,p0141
p0239,p0220
p0239,p0229
p0239,p0237
p0239,p0240
p0240,p0141
p0240,p0236
p0241,p0141
p0241,p0224
